Feature ID	Taxon	Consensus
00bfc2b0c0f18f0738e4cf008d74b25d	d__Bacteria; p__PAUC34f; c__PAUC34f; o__PAUC34f; f__PAUC34f; g__PAUC34f	1.0
012fbcbaf8ca7dd1a17bf6b2a4c2689a	d__Bacteria; p__Proteobacteria; c__Gammaproteobacteria; o__OM182_clade; f__OM182_clade; g__OM182_clade	1.0
0262b66cf0d92aeb599c96c0898c12ca	d__Bacteria; p__Proteobacteria; c__Gammaproteobacteria; o__Nitrosococcales; f__Nitrosococcaceae; g__AqS1; s__uncultured_bacterium	0.9
02a021a4a33ccd51f4b020422088397b	d__Bacteria; p__Bacteroidota; c__Bacteroidia; o__Flavobacteriales; f__Flavobacteriaceae; g__Flavobacterium; s__uncultured_bacterium	0.7
02e10fbb06250a6cec1cc7d696cef6f4	d__Bacteria; p__Acidobacteriota; c__Vicinamibacteria; o__Vicinamibacterales; f__uncultured; g__uncultured; s__uncultured_bacterium	0.7
02f65f119c17f04316b1f1f86886ad42	d__Bacteria; p__Firmicutes; c__Incertae_Sedis; o__DTU014; f__DTU014; g__DTU014	0.6
032b20de9b7225cc53631e7f55fdf158	d__Bacteria; p__Gemmatimonadota; c__Gemmatimonadetes; o__Gemmatimonadales; f__Gemmatimonadaceae; g__uncultured; s__uncultured_bacterium	0.7
038cd699389e8b93b37532dfa181f762	d__Bacteria; p__Armatimonadota; c__Fimbriimonadia; o__Fimbriimonadales; f__Fimbriimonadaceae; g__Fimbriimonadaceae; s__metagenome	0.6
03e3baaa5bf49e67efbb0c9786067df0	d__Bacteria; p__Bacteroidota; c__Bacteroidia; o__Cytophagales; f__Microscillaceae; g__uncultured	1.0
04720a038796a8d1f71bbeb08674cffc	d__Bacteria; p__Verrucomicrobiota; c__Verrucomicrobiae; o__Verrucomicrobiales; f__Verrucomicrobiaceae; g__uncultured	1.0
04c113f9026c6fec18e0454e1b3f4fb7	d__Bacteria; p__Proteobacteria; c__Gammaproteobacteria; o__KI89A_clade; f__KI89A_clade; g__KI89A_clade	0.7
050b4bac69897377b343771b41c8d813	d__Bacteria; p__Actinobacteriota; c__Acidimicrobiia; o__Actinomarinales; f__Actinomarinaceae; g__Candidatus_Actinomarina	1.0
05810500448cc3ad7c9d8b11a497f1ca	d__Bacteria; p__Bacteroidota; c__Bacteroidia; o__Chitinophagales; f__Chitinophagaceae; g__Terrimonas	1.0
05c3933fb9df6266d8c00a16d5d45daa	d__Bacteria; p__Verrucomicrobiota; c__Verrucomicrobiae; o__Chthoniobacterales; f__Chthoniobacteraceae; g__Chthoniobacter; s__metagenome	0.6
05f327ab211d82a4996a29667b746a73	d__Bacteria; p__Gemmatimonadota; c__Longimicrobia; o__Longimicrobiales; f__Longimicrobiaceae	1.0
066884a56c0d85658e85fec48fa61ff0	d__Bacteria; p__Chloroflexi; c__Dehalococcoidia; o__SAR202_clade; f__SAR202_clade; g__SAR202_clade; s__uncultured_bacterium	0.6
06eeb36c6e376bd32dc44a6a69169cce	d__Bacteria; p__Proteobacteria; c__Gammaproteobacteria; o__Nitrosococcales; f__Nitrosococcaceae; g__AqS1; s__uncultured_bacterium	0.8
0722a454a2994e703d9c3406f2a5653e	d__Bacteria; p__Proteobacteria; c__Alphaproteobacteria; o__Puniceispirillales; f__EF100-94H03; g__EF100-94H03	1.0
07c9e40a1045b5b17946d7f17341f30e	d__Bacteria; p__Proteobacteria; c__Alphaproteobacteria; o__Sphingomonadales; f__Sphingomonadaceae; g__Sphingorhabdus; s__uncultured_bacterium	0.6
07f57ca473cfa117664c7095a6ed8cfc	d__Bacteria; p__Cyanobacteria; c__Cyanobacteriia; o__Synechococcales; f__Cyanobiaceae; g__[Synechococcus]_spongiarum_group; s__uncultured_bacterium	0.7
09d55484e1d428c941b919d26b459b97	d__Bacteria; p__PAUC34f; c__PAUC34f; o__PAUC34f; f__PAUC34f; g__PAUC34f; s__uncultured_bacterium	0.6
0a420944f008698427b233d3ce383d7d	d__Bacteria; p__Acidobacteriota; c__Blastocatellia; o__Pyrinomonadales; f__Pyrinomonadaceae; g__RB41; s__uncultured_Acidobacteria	0.6
0ab31f7e797f551227445f0fd40c40d2	d__Bacteria; p__Acidobacteriota; c__Vicinamibacteria; o__Vicinamibacterales; f__Vicinamibacteraceae; g__Vicinamibacteraceae; s__uncultured_bacterium	0.9
0b119509867c51232b9b9bd27b3cbf7f	d__Bacteria; p__Chloroflexi; c__Anaerolineae; o__Caldilineales; f__Caldilineaceae; g__uncultured	1.0
0b8058d5cd302b3caa627d7023cc62f4	d__Bacteria; p__Proteobacteria; c__Gammaproteobacteria; o__Xanthomonadales; f__Xanthomonadaceae; g__Lysobacter; s__uncultured_bacterium	0.8
0c7a17aec7a45ade60ecb155a51e146a	d__Bacteria; p__Proteobacteria; c__Alphaproteobacteria; o__Defluviicoccales; f__uncultured; g__uncultured; s__uncultured_bacterium	0.8
0c8d7a81f733f47e124bc8797e5d3554	d__Bacteria; p__Acidobacteriota; c__Vicinamibacteria; o__Vicinamibacterales; f__uncultured; g__uncultured; s__uncultured_bacterium	0.7
0ce51d2de5507edbeef6b4dd114e9447	d__Bacteria; p__Proteobacteria; c__Gammaproteobacteria; o__Burkholderiales; f__Nitrosomonadaceae; g__MND1; s__uncultured_bacterium	0.7
0e7f46872a517225849a2a910cef5633	d__Bacteria; p__Acidobacteriota; c__Acidobacteriae; o__PAUC26f; f__PAUC26f; g__PAUC26f; s__uncultured_bacterium	0.7
0ea735d6bc2211809e0cd313220b7a80	d__Bacteria; p__SAR324_clade(Marine_group_B); c__SAR324_clade(Marine_group_B); o__SAR324_clade(Marine_group_B); f__SAR324_clade(Marine_group_B); g__SAR324_clade(Marine_group_B)	1.0
0eeb064e5a151660e9d9357630f1313a	d__Bacteria; p__Actinobacteriota; c__Acidimicrobiia; o__Actinomarinales; f__uncultured; g__uncultured	1.0
0f1b1b6a7585f4586a09eff410aa7ad1	d__Bacteria; p__Proteobacteria; c__Alphaproteobacteria; o__Sphingomonadales; f__Sphingomonadaceae; g__Sphingomonas; s__uncultured_bacterium	0.7
10afad23636c281e8f7e70146f4904d8	d__Bacteria; p__Chloroflexi; c__Dehalococcoidia; o__SAR202_clade; f__SAR202_clade; g__SAR202_clade	1.0
10cd179b162bce97911373195a53c503	d__Bacteria; p__Chloroflexi	1.0
118e59a9dce4c2d6d7d3d6bc2ef67533	d__Bacteria; p__Gemmatimonadota; c__Longimicrobia; o__Longimicrobiales; f__Longimicrobiaceae; g__Longimicrobium; s__uncultured_bacterium	0.7
11d2b0e02495749bb5a7581b996f7eec	d__Bacteria; p__Chloroflexi; c__TK17; o__TK17; f__TK17; g__TK17; s__uncultured_Chloroflexi	0.6
1212bbb3bcd65d0dd186dd8f35a56827	d__Bacteria; p__Chloroflexi; c__Dehalococcoidia; o__SAR202_clade; f__SAR202_clade; g__SAR202_clade; s__uncultured_bacterium	0.7
12685c5c242962f0158f7f5098b40221	d__Bacteria; p__Gemmatimonadota; c__S0134_terrestrial_group; o__S0134_terrestrial_group; f__S0134_terrestrial_group; g__S0134_terrestrial_group; s__uncultured_bacterium	0.6
1270da80cc0e29e38d735c7f38a145a3	d__Bacteria; p__NB1-j; c__NB1-j; o__NB1-j; f__NB1-j; g__NB1-j; s__uncultured_bacterium	0.8
1284ae8585ceb81def7a4e68fbbf474f	d__Bacteria; p__Chloroflexi; c__JG30-KF-CM66; o__JG30-KF-CM66; f__JG30-KF-CM66; g__JG30-KF-CM66	0.9
12a18af1e6cf3893b9c2ed124d9539b7	d__Bacteria; p__Chloroflexi; c__Dehalococcoidia; o__SAR202_clade; f__SAR202_clade; g__SAR202_clade	1.0
12e29d32b786b56373ad8344fcdec905	d__Bacteria; p__Acidobacteriota; c__Vicinamibacteria; o__Subgroup_9; f__Subgroup_9; g__Subgroup_9; s__uncultured_bacterium	0.7
132ffe9a542685a423a59236950b46b0	d__Bacteria; p__RCP2-54; c__RCP2-54; o__RCP2-54; f__RCP2-54; g__RCP2-54	0.6
146011b4b3b1ac5bd7d8224c5d93209d	d__Bacteria; p__Proteobacteria; c__Alphaproteobacteria; o__Sphingomonadales; f__Sphingomonadaceae; g__Sphingomonas; s__uncultured_bacterium	0.6
14fce2a56aa0fc89d3e4cfb8960e19bc	d__Bacteria; p__Bacteroidota; c__Rhodothermia; o__Rhodothermales; f__Rhodothermaceae; g__uncultured; s__uncultured_bacterium	0.6
158ec98d7b85cd0e319655dcf1ecdf64	d__Bacteria; p__Proteobacteria; c__Gammaproteobacteria; o__Oceanospirillales; f__Endozoicomonadaceae	0.6
16205944f57bcce6ad08ae9975002947	d__Bacteria; p__Chloroflexi; c__Dehalococcoidia; o__SAR202_clade; f__SAR202_clade; g__SAR202_clade	1.0
16b5e084ce3fa000b8baf838d1651cac	d__Bacteria; p__Actinobacteriota; c__Thermoleophilia; o__Solirubrobacterales; f__67-14; g__67-14; s__uncultured_bacterium	0.6
172258ace2bffca544329d3c7e44256c	d__Bacteria; p__Planctomycetota; c__Planctomycetes; o__Gemmatales; f__Gemmataceae; g__uncultured; s__uncultured_bacterium	0.9
17d0d3da0d2f0f312e6a8dd85aa64919	d__Bacteria; p__Proteobacteria; c__Gammaproteobacteria; o__EPR3968-O8a-Bc78; f__EPR3968-O8a-Bc78; g__EPR3968-O8a-Bc78; s__uncultured_bacterium	0.7
19a3abdd47715eaac4ecb312fe95d902	d__Bacteria; p__PAUC34f; c__PAUC34f; o__PAUC34f; f__PAUC34f; g__PAUC34f; s__uncultured_bacterium	0.7
1a56ad3ec2b87cfbeaba8976be08b4b9	d__Bacteria; p__Proteobacteria; c__Alphaproteobacteria; o__Rhizobiales; f__Xanthobacteraceae; g__uncultured	0.9
1b15d38924f1a8a2c5aa72dd12e60048	d__Bacteria; p__Gemmatimonadota; c__BD2-11_terrestrial_group; o__BD2-11_terrestrial_group; f__BD2-11_terrestrial_group; g__BD2-11_terrestrial_group; s__uncultured_bacterium	0.9
1b94537f64287d18fb2164348c4039a5	d__Bacteria; p__Proteobacteria; c__Gammaproteobacteria; o__Xanthomonadales; f__Xanthomonadaceae; g__Lysobacter; s__uncultured_bacterium	0.6
1c87e1c32ca897cf41cb7dab51b7b569	d__Bacteria; p__Proteobacteria; c__Alphaproteobacteria; o__Rhizobiales; f__Beijerinckiaceae; g__uncultured	0.8
1c89aa5de521d81b515516e2aad776b5	d__Bacteria; p__Proteobacteria; c__Gammaproteobacteria; o__Nitrosococcales; f__Nitrosococcaceae; g__AqS1; s__uncultured_bacterium	0.6
1d1e60ffed0f147b1d6f9a46204beb7e	d__Bacteria; p__Chloroflexi; c__JG30-KF-CM66; o__JG30-KF-CM66; f__JG30-KF-CM66; g__JG30-KF-CM66	0.9
1d495e722a3635a10b655a44f9946769	d__Bacteria; p__Gemmatimonadota; c__BD2-11_terrestrial_group; o__BD2-11_terrestrial_group; f__BD2-11_terrestrial_group; g__BD2-11_terrestrial_group; s__uncultured_bacterium	0.6
1e0c75e0c253b0e15290f96a9f46eafb	d__Bacteria; p__Gemmatimonadota; c__Gemmatimonadetes; o__Gemmatimonadales; f__Gemmatimonadaceae; g__uncultured; s__uncultured_bacterium	0.6
1f12e85f00d24c2a327f7ca545082118	d__Bacteria; p__PAUC34f; c__PAUC34f; o__PAUC34f; f__PAUC34f; g__PAUC34f; s__uncultured_bacterium	0.8
1f4064e5112f6c112d7bad0f89d07c45	d__Archaea; p__Crenarchaeota; c__Nitrososphaeria; o__Nitrosopumilales; f__Nitrosopumilaceae; g__Nitrosopumilaceae	0.7
2058614caa3cf297e94610346beb9d20	d__Bacteria; p__Entotheonellaeota; c__Entotheonellia; o__Entotheonellales; f__Entotheonellaceae; g__Entotheonellaceae; s__uncultured_bacterium	0.8
2207b2c984b2678293a0140e6b4a96ad	d__Bacteria; p__Proteobacteria; c__Gammaproteobacteria; o__Burkholderiales; f__Nitrosomonadaceae; g__MND1; s__uncultured_bacterium	0.7
225dd5e5a5487874024cbea6c091dcde	d__Bacteria; p__Verrucomicrobiota; c__Verrucomicrobiae; o__Chthoniobacterales; f__Chthoniobacteraceae; g__Chthoniobacter	1.0
23af8900aef221ee8b287bbf028b0e3c	d__Bacteria; p__Actinobacteriota; c__Acidimicrobiia; o__Microtrichales; f__Microtrichaceae; g__Sva0996_marine_group; s__uncultured_bacterium	0.9
23e7bb98a13540861c409331c4052a67	d__Bacteria; p__Myxococcota; c__Polyangia; o__Haliangiales; f__Haliangiaceae; g__Haliangium; s__uncultured_bacterium	0.7
245511666bd10ac40ce8d875d10365cd	d__Bacteria; p__Acidobacteriota; c__Vicinamibacteria; o__Vicinamibacterales; f__Vicinamibacteraceae	0.6
2537143bdf821dd5b9d76f354f51d229	d__Bacteria; p__Proteobacteria; c__Alphaproteobacteria; o__Reyranellales; f__Reyranellaceae; g__Reyranella; s__uncultured_bacterium	0.7
2599030bfe9f49df58ddb9b37bbbe549	d__Bacteria; p__Proteobacteria; c__Gammaproteobacteria; o__Steroidobacterales; f__Woeseiaceae; g__JTB255_marine_benthic_group; s__uncultured_bacterium	0.7
25bc81a4379724a5dcf203ee1cfdc25f	d__Bacteria; p__Acidobacteriota; c__Thermoanaerobaculia; o__Thermoanaerobaculales; f__Thermoanaerobaculaceae; g__Subgroup_10; s__uncultured_bacterium	0.6
2653f9a6e90d957c951070035e6edeea	d__Bacteria; p__Proteobacteria; c__Alphaproteobacteria; o__Rhizobiales; f__Rhizobiaceae; g__Allorhizobium-Neorhizobium-Pararhizobium-Rhizobium	0.6
267b7c38df95f616c1d0c34776a172db	d__Bacteria; p__Proteobacteria; c__Gammaproteobacteria; o__HOC36; f__HOC36; g__HOC36; s__uncultured_bacterium	0.6
2764b7954f181d7f689cf09ce96cfb9e	d__Bacteria; p__Proteobacteria; c__Alphaproteobacteria; o__Caulobacterales; f__Hyphomonadaceae; g__SWB02; s__uncultured_bacterium	0.7
27771f9f5d4a9d17e89a2334771332dc	d__Bacteria; p__Proteobacteria; c__Gammaproteobacteria; o__Burkholderiales; f__Comamonadaceae; g__Rhodoferax	0.6
279b646c51f6601e408c03b2e5d77617	d__Bacteria; p__Acidobacteriota; c__Acidobacteriae; o__PAUC26f; f__PAUC26f; g__PAUC26f	1.0
28564769fe438b0246aa472e358cd5c3	d__Bacteria; p__Myxococcota; c__bacteriap25; o__bacteriap25; f__bacteriap25; g__bacteriap25	1.0
28beea9493fdabe7178fbc71cdca3e4b	d__Bacteria; p__Proteobacteria; c__Gammaproteobacteria; o__HOC36; f__HOC36; g__HOC36	0.6
29c0b831ad8278ee5185bfe79acc067e	d__Bacteria; p__Firmicutes; c__Clostridia; o__Clostridia_UCG-014; f__Clostridia_UCG-014; g__Clostridia_UCG-014; s__uncultured_bacterium	0.9
2a35c512cab46a94c90dafc9248a121f	d__Bacteria; p__Proteobacteria; c__Gammaproteobacteria; o__KI89A_clade; f__KI89A_clade; g__KI89A_clade; s__uncultured_bacterium	0.7
2a7d8280d787b9134370091b6ae16ff4	d__Bacteria; p__Myxococcota; c__bacteriap25; o__bacteriap25; f__bacteriap25; g__bacteriap25	1.0
2cd79e3d385b69f0320c69af53883c9b	d__Bacteria; p__Proteobacteria; c__Gammaproteobacteria	0.9
2d16d001e21717f960cf771ae879b1dd	d__Bacteria; p__Proteobacteria; c__Alphaproteobacteria; o__Sphingomonadales; f__Sphingomonadaceae; g__Sphingomonas	1.0
2d3462ea0a9607296e6625812612002a	d__Archaea; p__Crenarchaeota; c__Nitrososphaeria; o__Nitrosopumilales; f__Nitrosopumilaceae; g__Candidatus_Nitrosopelagicus; s__uncultured_archaeon	0.6
2d6e7a4fad252e4911e5bb10f02c94b7	d__Bacteria; p__Chloroflexi; c__Dehalococcoidia; o__S085; f__S085; g__S085; s__uncultured_bacterium	1.0
2e4a2e5ad75f2d321aadefddacb2fca7	d__Bacteria; p__Proteobacteria; c__Gammaproteobacteria; o__Gammaproteobacteria_Incertae_Sedis; f__Unknown_Family; g__Acidibacter	1.0
2efb79fd6573738137582fc277e6e219	d__Bacteria; p__Actinobacteriota; c__Rubrobacteria; o__Rubrobacterales; f__Rubrobacteriaceae; g__Rubrobacter	0.6
2f5a7a72046f2f7d1bbc8dcbd1dea749	d__Bacteria; p__Acidobacteriota; c__Acidobacteriae; o__PAUC26f; f__PAUC26f; g__PAUC26f; s__uncultured_bacterium	1.0
300400cf234ff48c401161afaf81acd8	d__Bacteria; p__Acidobacteriota; c__Vicinamibacteria; o__Vicinamibacterales; f__uncultured; g__uncultured; s__uncultured_bacterium	0.7
302aceb4ce82bb6c8892ac4034bef73d	d__Bacteria; p__Myxococcota; c__Polyangia; o__Polyangiales; f__BIrii41; g__BIrii41; s__uncultured_bacterium	0.6
3094291929e964da48e252380c1edc6a	d__Bacteria; p__Gemmatimonadota; c__Longimicrobia; o__Longimicrobiales; f__Longimicrobiaceae; g__YC-ZSS-LKJ147; s__uncultured_bacterium	0.6
30c501aec1d53bb221012c295551045a	d__Bacteria; p__Bacteroidota; c__Bacteroidia; o__Chitinophagales; f__Chitinophagaceae	1.0
30d44b6feb9e923b418819fbbed26a27	d__Bacteria; p__Marinimicrobia_(SAR406_clade); c__Marinimicrobia_(SAR406_clade); o__Marinimicrobia_(SAR406_clade); f__Marinimicrobia_(SAR406_clade); g__Marinimicrobia_(SAR406_clade); s__uncultured_bacterium	0.7
310b09715d621fd92c58831d1aefbf40	d__Bacteria; p__Chloroflexi; c__Anaerolineae; o__Anaerolineales; f__Anaerolineaceae; g__uncultured; s__uncultured_bacterium	0.7
317865ea6c50e83c72a4d779d02d8b58	d__Bacteria; p__Acidobacteriota; c__Vicinamibacteria; o__Vicinamibacterales; f__Vicinamibacteraceae; g__Vicinamibacteraceae	1.0
32694e17896d4fc2fe49a409b3fec7cb	d__Bacteria; p__Proteobacteria; c__Gammaproteobacteria; o__Burkholderiales; f__Methylophilaceae	0.9
326cf70ef2f16c01d6724648de4d2438	d__Bacteria; p__Actinobacteriota; c__Acidimicrobiia; o__Microtrichales; f__Microtrichaceae; g__Sva0996_marine_group; s__uncultured_bacterium	0.7
32b9408bbc7de60c49e56afe8b9ebfd1	d__Bacteria; p__Proteobacteria; c__Gammaproteobacteria; o__UBA10353_marine_group; f__UBA10353_marine_group; g__UBA10353_marine_group; s__uncultured_bacterium	0.7
334b65ac7ccdcd0b8dab50433242314c	d__Bacteria; p__Proteobacteria; c__Gammaproteobacteria; o__Xanthomonadales; f__Xanthomonadaceae; g__Thermomonas	0.7
337204fe06dbfeef4a0a9bc3217e85fc	d__Bacteria; p__Chloroflexi; c__Dehalococcoidia; o__SAR202_clade; f__SAR202_clade; g__SAR202_clade	1.0
33971a5f31da661c208d2ee9aa9e5769	d__Bacteria; p__Myxococcota; c__Polyangia; o__Polyangiales; f__Sandaracinaceae; g__uncultured; s__uncultured_bacterium	0.9
33a198a979ec6f8252b36eb5ae643d5e	d__Bacteria; p__Proteobacteria; c__Gammaproteobacteria; o__Xanthomonadales; f__Xanthomonadaceae; g__Luteimonas	1.0
352246a6b944693ad640a1be7ead4af7	d__Bacteria; p__Gemmatimonadota; c__Gemmatimonadetes; o__Gemmatimonadales; f__Gemmatimonadaceae; g__uncultured; s__uncultured_bacterium	0.7
3667ec5bd3c6b861b9cba96464677a41	d__Bacteria; p__Proteobacteria; c__Gammaproteobacteria; o__Oceanospirillales; f__Pseudohongiellaceae; g__Pseudohongiella; s__uncultured_bacterium	0.7
3725e63715d30df08b67d09db5ca80c4	d__Bacteria; p__Bacteroidota; c__Bacteroidia; o__Cytophagales; f__Hymenobacteraceae; g__Adhaeribacter; s__uncultured_bacterium	0.7
37c3679293c46decc9a33a6554213428	d__Bacteria; p__Proteobacteria; c__Gammaproteobacteria; o__pItb-vmat-80; f__pItb-vmat-80; g__pItb-vmat-80	0.7
37db27274d1534b5ff701cfe737c1803	d__Bacteria; p__Planctomycetota; c__OM190; o__OM190; f__OM190; g__OM190	1.0
38a7f6bf94bd43dfa61610c95c4b1cb9	d__Bacteria; p__Chloroflexi; c__Anaerolineae; o__SBR1031; f__A4b; g__A4b; s__uncultured_bacterium	0.6
38eebee982f0c0e4f7d7c912a7625b3c	d__Bacteria; p__Chloroflexi; c__Anaerolineae; o__Caldilineales; f__Caldilineaceae; g__uncultured; s__uncultured_bacterium	0.6
394157a95af250dff691f8a21a3a06ea	d__Bacteria; p__Proteobacteria; c__Alphaproteobacteria; o__Rhodobacterales; f__Rhodobacteraceae	1.0
396c2d79acbe8883549b9049dddce9fb	d__Bacteria; p__Proteobacteria; c__Alphaproteobacteria; o__Sphingomonadales; f__Sphingomonadaceae; g__Sphingomonas; s__uncultured_bacterium	0.9
3a0b2f8a1987a1cbf794dba729426a51	d__Bacteria; p__Poribacteria; c__Poribacteria; o__Poribacteria; f__Poribacteria; g__Poribacteria	1.0
3a2ee79463550d3ca46aee721deea8d5	d__Bacteria; p__Proteobacteria; c__Gammaproteobacteria; o__SAR86_clade; f__SAR86_clade; g__SAR86_clade; s__uncultured_bacterium	0.8
3b303ed35fc9c6fd833e07a28caa3fa4	d__Bacteria; p__Proteobacteria; c__Alphaproteobacteria; o__Rhodobacterales; f__Rhodobacteraceae	1.0
3b4d975d9f51e69f73d052a3ea361519	d__Bacteria; p__Spirochaetota; c__Spirochaetia; o__Spirochaetales; f__Spirochaetaceae; g__Spirochaeta; s__uncultured_bacterium	0.7
3bd829b0c3a7d6eb1d8e2858add96198	d__Bacteria; p__Actinobacteriota; c__Acidimicrobiia; o__Microtrichales; f__Microtrichaceae; g__Sva0996_marine_group; s__uncultured_bacterium	0.7
3c70a6836188aa560a2d934414dbde9c	d__Bacteria; p__Actinobacteriota; c__Thermoleophilia; o__Gaiellales; f__uncultured; g__uncultured; s__uncultured_bacterium	0.9
3d3ceb7e5f66d1e27c1cf3ede761865f	d__Bacteria; p__Bacteroidota; c__Bacteroidia; o__Cytophagales; f__Hymenobacteraceae; g__Adhaeribacter	1.0
3d5baff45729bf2214074c2e9f77ad10	d__Bacteria; p__Proteobacteria; c__Gammaproteobacteria; o__Pseudomonadales; f__Moraxellaceae; g__Acinetobacter	1.0
3dc5f9d1b6c7f68aa43b42f78ac60999	d__Bacteria; p__Patescibacteria; c__Gracilibacteria; o__Gracilibacteria; f__Gracilibacteria; g__Gracilibacteria	1.0
3e66e93dcc887df068188b2b44894c4f	d__Bacteria; p__Verrucomicrobiota; c__Verrucomicrobiae; o__Pedosphaerales; f__Pedosphaeraceae; g__Pedosphaeraceae	1.0
40d53554337806f59b13c788b44e192c	d__Bacteria; p__Bacteroidota; c__Kapabacteria; o__Kapabacteriales; f__Kapabacteriales; g__Kapabacteriales; s__uncultured_bacterium	0.7
4162f5ce153426c9b818a282aab2a162	d__Bacteria; p__Bdellovibrionota; c__Oligoflexia; o__Oligoflexales; f__uncultured; g__uncultured	1.0
4312b429c28933c568488f8f2ccf60be	d__Bacteria; p__Actinobacteriota; c__Thermoleophilia; o__uncultured; f__uncultured; g__uncultured; s__uncultured_bacterium	0.9
43622a1936d5cb06f50b230db4d4410b	d__Bacteria; p__Chloroflexi; c__TK10; o__TK10; f__TK10; g__TK10	0.6
439e8e2064ad95440936fd5191dfbf2e	d__Bacteria; p__Proteobacteria; c__Gammaproteobacteria; o__JTB23; f__JTB23; g__JTB23; s__uncultured_bacterium	0.7
43df5336649f0b3362be36b49c6490d5	d__Bacteria; p__Bdellovibrionota; c__Oligoflexia; o__Oligoflexales; f__uncultured; g__uncultured; s__uncultured_delta	0.7
443a1b6e9bb8b8434623dbabf8c5a719	d__Bacteria; p__Proteobacteria; c__Alphaproteobacteria; o__Dongiales; f__Dongiaceae; g__Dongia; s__uncultured_bacterium	0.6
4608fae4bbc9964cdd17af8782f2155e	d__Bacteria; p__Proteobacteria; c__Gammaproteobacteria; o__Burkholderiales; f__Oxalobacteraceae; g__Massilia	1.0
475466b882ed396887ccb3af92e5cccc	d__Bacteria; p__Methylomirabilota; c__Methylomirabilia; o__Rokubacteriales; f__Rokubacteriales; g__Rokubacteriales; s__uncultured_bacterium	0.9
47f2617de53ce85d035fd4d1cc587272	d__Bacteria; p__Bacteroidota; c__Bacteroidia; o__Chitinophagales; f__Chitinophagaceae; g__uncultured; s__uncultured_bacterium	0.7
4804669ff00c7ec682696fdd03d60923	d__Bacteria; p__Proteobacteria; c__Gammaproteobacteria; o__Xanthomonadales; f__Xanthomonadaceae; g__Arenimonas; s__uncultured_bacterium	0.7
48614761ce9f74eaae5dc1d3a26cd6ae	d__Bacteria; p__Bacteroidota; c__Rhodothermia; o__Rhodothermales; f__Rhodothermaceae; g__uncultured; s__uncultured_bacterium	0.7
48b92876940e467b73a053655396a8d4	d__Bacteria; p__Armatimonadota; c__uncultured; o__uncultured; f__uncultured; g__uncultured; s__uncultured_bacterium	0.8
496cdfc9a2802597d4496130511b380d	d__Bacteria; p__Myxococcota; c__Polyangia; o__Polyangiales; f__BIrii41; g__BIrii41; s__uncultured_bacterium	0.7
499d1d4fef7815712578b7ef5c128aef	d__Bacteria; p__Proteobacteria; c__Gammaproteobacteria; o__Oceanospirillales; f__Endozoicomonadaceae; g__Endozoicomonas; s__Endozoicomonas_montiporae	0.8
49b77daed66d75fc3b7776abc8755ea7	d__Bacteria; p__PAUC34f; c__PAUC34f; o__PAUC34f; f__PAUC34f; g__PAUC34f; s__uncultured_bacterium	0.8
4a52428d397d1b8bd0ffcbeffd5a9097	d__Bacteria; p__Proteobacteria; c__Alphaproteobacteria; o__Rhodospirillales; f__AEGEAN-169_marine_group; g__AEGEAN-169_marine_group; s__uncultured_bacterium	0.7
4b35f61d34c5382a0eb31e09963c019f	d__Bacteria; p__Gemmatimonadota; c__Gemmatimonadetes; o__Gemmatimonadales; f__Gemmatimonadaceae; g__uncultured; s__uncultured_bacterium	0.7
4b6332535763acc2b26ff232cbb1715a	d__Bacteria; p__Actinobacteriota; c__Acidimicrobiia; o__Actinomarinales; f__Actinomarinaceae; g__Candidatus_Actinomarina; s__uncultured_bacterium	0.7
4b95d649f2f281c6e49ed7dfd58385fe	d__Bacteria; p__Proteobacteria; c__Gammaproteobacteria; o__Burkholderiales; f__Comamonadaceae	1.0
4bce94e6a8bec966689ad1c3a7002cd4	d__Bacteria; p__Proteobacteria; c__Alphaproteobacteria; o__Puniceispirillales	0.6
4c687e9abe11199b993e2ab668384d5c	d__Bacteria; p__Nitrospirota; c__Nitrospiria; o__Nitrospirales; f__Nitrospiraceae; g__Nitrospira; s__uncultured_bacterium	0.7
4c711dabe834aeea42d3b4e4aac7f6c7	d__Bacteria; p__Chloroflexi; c__TK17; o__TK17; f__TK17; g__TK17; s__uncultured_Chloroflexi	0.6
4cf346f17649d1855daa0225bf185454	d__Bacteria; p__Proteobacteria; c__Alphaproteobacteria; o__Parvibaculales; f__PS1_clade; g__PS1_clade; s__uncultured_bacterium	0.6
4dd00cc22ca2f0edc77bc6505e5dd816	d__Bacteria; p__Chloroflexi; c__Dehalococcoidia; o__SAR202_clade; f__SAR202_clade; g__SAR202_clade; s__uncultured_bacterium	0.6
4eb60f2c4b4c6435cc58e6b9873b6fad	d__Bacteria; p__Verrucomicrobiota; c__Verrucomicrobiae; o__Pedosphaerales; f__Pedosphaeraceae; g__Pedosphaeraceae	1.0
4f323db9b7e35289b6d9f0bc10795e74	d__Bacteria; p__Proteobacteria; c__Gammaproteobacteria; o__Oceanospirillales; f__Pseudohongiellaceae; g__Pseudohongiella; s__uncultured_bacterium	0.8
4f8da485822bfe7fa8e0668df6cd5ffd	d__Bacteria; p__Gemmatimonadota; c__BD2-11_terrestrial_group; o__BD2-11_terrestrial_group; f__BD2-11_terrestrial_group; g__BD2-11_terrestrial_group; s__uncultured_bacterium	0.8
4fcdea7e1630e2288c4e82c8c2906e59	d__Bacteria; p__Entotheonellaeota; c__Entotheonellia; o__Entotheonellales; f__Entotheonellaceae; g__Entotheonellaceae; s__uncultured_bacterium	0.7
501ede943467ca99e9a73cfd6fc3d42b	d__Bacteria; p__Gemmatimonadota; c__PAUC43f_marine_benthic_group; o__PAUC43f_marine_benthic_group; f__PAUC43f_marine_benthic_group; g__PAUC43f_marine_benthic_group; s__uncultured_bacterium	0.8
50264f300bdd8f26f9b11d457847a2d1	d__Bacteria; p__Proteobacteria; c__Alphaproteobacteria; o__Sphingomonadales; f__Sphingomonadaceae; g__Novosphingobium; s__uncultured_bacterium	0.8
50fb93dad525b440dc193bc631872eba	d__Bacteria; p__Actinobacteriota; c__Actinobacteria; o__Propionibacteriales; f__Nocardioidaceae; g__Nocardioides	1.0
524f945306ac2c325b6027df82cc10c2	d__Bacteria; p__Proteobacteria; c__Gammaproteobacteria; o__Steroidobacterales; f__Steroidobacteraceae; g__uncultured; s__uncultured_bacterium	0.7
52f1526740a12c04581374b44903588e	d__Bacteria; p__Chloroflexi; c__Dehalococcoidia; o__S085; f__S085; g__S085; s__uncultured_bacterium	0.7
53a523f9d28d11caf83f2920aeade755	d__Bacteria; p__Chloroflexi; c__Dehalococcoidia; o__SAR202_clade; f__SAR202_clade; g__SAR202_clade; s__uncultured_bacterium	0.9
54989b87d6b2fc103b0033db46769e62	d__Bacteria; p__Proteobacteria; c__Alphaproteobacteria; o__Rhodobacterales; f__Rhodobacteraceae; g__uncultured	0.7
54b5f4d902f9a7d8da0ea72644bc1254	d__Bacteria; p__Proteobacteria; c__Gammaproteobacteria; o__Burkholderiales; f__SC-I-84; g__SC-I-84; s__uncultured_bacterium	0.9
54f4a40fa02902a5eacd062de6b947d2	d__Bacteria; p__Actinobacteriota; c__MB-A2-108; o__MB-A2-108; f__MB-A2-108; g__MB-A2-108; s__uncultured_bacterium	0.6
55171d6a7d2a6277fcaf13baf685e8fd	d__Bacteria; p__Actinobacteriota; c__Thermoleophilia; o__Gaiellales; f__uncultured; g__uncultured; s__uncultured_bacterium	0.6
560859414b86c10a44c3ec7dc1b85c8e	d__Bacteria; p__Chloroflexi; c__Dehalococcoidia; o__S085; f__S085; g__S085; s__uncultured_bacterium	0.6
5648dccee530d68ceb3e4d7d22cf8756	d__Bacteria; p__Proteobacteria; c__Gammaproteobacteria; o__Pseudomonadales; f__Pseudomonadaceae; g__Pseudomonas	1.0
565d333a7d19b661910f936a673bb08c	d__Bacteria; p__Chloroflexi; c__TK17; o__TK17; f__TK17; g__TK17; s__uncultured_bacterium	0.6
56f6b4cc398343543a022cde96c8fb11	d__Bacteria; p__Chloroflexi; c__Dehalococcoidia; o__SAR202_clade; f__SAR202_clade; g__SAR202_clade; s__uncultured_bacterium	0.7
578b76ca946d93c821b9ba6e0098a168	d__Bacteria; p__Bacteroidota; c__Bacteroidia; o__Flavobacteriales; f__Weeksellaceae; g__Chryseobacterium	1.0
588d44e872e3347bc80a3e69abb9052e	d__Bacteria; p__Proteobacteria; c__Gammaproteobacteria; o__Burkholderiales	0.6
58ab246856409f09c184c67a01d2fc33	d__Bacteria; p__Acidobacteriota; c__Vicinamibacteria; o__Vicinamibacterales; f__uncultured; g__uncultured; s__uncultured_bacterium	0.7
59c4e45c0a287b3ceff9b88a6a455b6c	d__Archaea; p__Crenarchaeota; c__Nitrososphaeria; o__Nitrosopumilales; f__Nitrosopumilaceae; g__Candidatus_Nitrosopumilus; s__uncultured_archaeon	0.6
5aa5614c3b98c2b8abeda2760ee15d2f	d__Bacteria; p__Actinobacteriota; c__Acidimicrobiia; o__Microtrichales; f__uncultured; g__uncultured; s__uncultured_bacterium	0.6
5c85881f3c22061d325317a85fb5f326	d__Bacteria; p__Planctomycetota; c__OM190; o__OM190; f__OM190; g__OM190; s__uncultured_bacterium	0.8
5c9f7e37a09cce779070ad269b7df496	d__Bacteria; p__Proteobacteria; c__Gammaproteobacteria; o__Nitrosococcales; f__Nitrosococcaceae; g__AqS1; s__uncultured_bacterium	0.8
5cf37e80516a615f77bd5e97f18ae417	d__Bacteria; p__Proteobacteria; c__Alphaproteobacteria; o__Sphingomonadales; f__Sphingomonadaceae; g__uncultured	0.8
5d1fb36c556e393173a385ff2cc00ee8	d__Bacteria; p__Proteobacteria; c__Gammaproteobacteria; o__JTB23; f__JTB23; g__JTB23; s__uncultured_bacterium	0.7
5d79337f7ac6e99f94d1504745040990	d__Bacteria; p__Chloroflexi; c__Dehalococcoidia; o__SAR202_clade; f__SAR202_clade; g__SAR202_clade; s__uncultured_bacterium	0.7
5e65279ad75c79b31bd08124befd8e12	d__Bacteria; p__Chloroflexi; c__Dehalococcoidia; o__SAR202_clade; f__SAR202_clade; g__SAR202_clade	1.0
5e9e025429b4479ba1c2396a26db5ad3	d__Bacteria; p__Proteobacteria; c__Gammaproteobacteria	1.0
5ee181e7af48fbffd85476b1eefd0472	d__Bacteria; p__Proteobacteria; c__Gammaproteobacteria; o__Oceanospirillales; f__Halomonadaceae; g__Halomonas; s__uncultured_bacterium	0.6
5f30735b78bb10c69e24aea6a7e161e3	d__Bacteria; p__Acidobacteriota; c__Subgroup_11; o__Subgroup_11; f__Subgroup_11; g__Subgroup_11; s__uncultured_bacterium	0.6
60cb5363f520d007437ef4ed940bad82	d__Bacteria; p__Armatimonadota; c__Fimbriimonadia; o__Fimbriimonadales; f__Fimbriimonadaceae; g__Fimbriimonadaceae; s__uncultured_bacterium	0.7
60e8bae6579f4fae6d0161d4124dae2a	d__Bacteria; p__Spirochaetota; c__Spirochaetia; o__Spirochaetales; f__Spirochaetaceae; g__Spirochaeta; s__uncultured_bacterium	0.8
61f8f52e6c0c4171fa1e7967d0febf5b	d__Bacteria; p__Actinobacteriota; c__Acidimicrobiia; o__uncultured; f__uncultured; g__uncultured; s__uncultured_bacterium	0.6
62a8e1b3e5bc78c9552474f65dc12285	d__Bacteria; p__Actinobacteriota; c__MB-A2-108; o__MB-A2-108; f__MB-A2-108; g__MB-A2-108; s__uncultured_bacterium	0.9
62b0bf21cce919c492e653ba630b9ea5	d__Bacteria; p__Proteobacteria; c__Gammaproteobacteria; o__Burkholderiales; f__Oxalobacteraceae; g__Undibacterium	1.0
635ad2b9ccd4fb9d905b58de1bba64d3	d__Bacteria; p__Proteobacteria; c__Gammaproteobacteria	0.9
6376ea6dab7d0fde3cd66f53b57e1484	d__Bacteria; p__Proteobacteria; c__Gammaproteobacteria; o__Pseudomonadales; f__Pseudomonadaceae; g__Pseudomonas	1.0
63a5fde9a24881f45dab5d0513e88d65	d__Bacteria; p__Armatimonadota; c__Fimbriimonadia; o__Fimbriimonadales; f__Fimbriimonadaceae; g__Fimbriimonadaceae; s__uncultured_bacterium	0.7
641c1c95ba1c1e188133db64e4d76efa	d__Bacteria; p__Deinococcota; c__Deinococci; o__Deinococcales; f__Deinococcaceae; g__Deinococcus	0.9
649f026cd615015b1c0f8e760d309122	d__Bacteria; p__Proteobacteria; c__Gammaproteobacteria; o__Xanthomonadales; f__Xanthomonadaceae; g__Lysobacter	0.7
64b62e538ce98218630dec9f7de3e872	d__Bacteria; p__Acidobacteriota; c__Vicinamibacteria; o__Vicinamibacterales; f__uncultured; g__uncultured; s__uncultured_bacterium	0.8
6634d300e4952dd095ced5c3b8a310c6	d__Bacteria; p__Chloroflexi; c__Anaerolineae; o__SBR1031; f__A4b; g__A4b; s__uncultured_bacterium	0.6
66dfa36b8714695831ec4e25503bf0f0	d__Bacteria; p__PAUC34f; c__PAUC34f; o__PAUC34f; f__PAUC34f; g__PAUC34f; s__uncultured_bacterium	0.7
687d35fcceb1b41532cb5a1b39978810	d__Bacteria; p__Cyanobacteria; c__Cyanobacteriia; o__Synechococcales; f__Cyanobiaceae; g__Synechococcus_CC9902	0.9
68d3771f099b1de6c295038c6fadf934	d__Bacteria; p__Chloroflexi; c__Chloroflexia; o__Thermomicrobiales; f__AKYG1722; g__AKYG1722	1.0
68d5901376043b0cf4f847284b53b740	d__Bacteria; p__Proteobacteria; c__Alphaproteobacteria; o__Rhizobiales; f__Rhizobiales_Incertae_Sedis; g__Nordella; s__uncultured_bacterium	0.7
6a82ab292f9c57c95da8cf95518b0ea2	d__Bacteria; p__Dadabacteria; c__Dadabacteriia; o__Dadabacteriales; f__Dadabacteriales; g__Dadabacteriales	1.0
6aa2b8dae34c215ace8baa51ea39b601	d__Bacteria; p__Proteobacteria; c__Gammaproteobacteria; o__Burkholderiales	1.0
6b1a55fe3ba91b2d995aa58d553df11f	d__Bacteria; p__Proteobacteria; c__Gammaproteobacteria; o__PLTA13; f__PLTA13; g__PLTA13; s__uncultured_bacterium	0.9
6ba46f2b5eac60cd35b997c34e5e1c6a	d__Bacteria; p__Acidobacteriota; c__Blastocatellia; o__Blastocatellales; f__Blastocatellaceae; g__Stenotrophobacter	0.9
6be02a3558fc54ab0ea9bb1a31cf7f62	d__Bacteria; p__Actinobacteriota; c__Acidimicrobiia; o__Microtrichales; f__Microtrichaceae; g__Sva0996_marine_group	1.0
6c2a581326077ce9b49411ef1d763cee	d__Bacteria; p__Proteobacteria; c__Alphaproteobacteria; o__Rhodospirillales; f__Magnetospiraceae; g__uncultured	0.8
6c3fb343f46983254cdb83e99fa07a49	d__Bacteria; p__Proteobacteria; c__Alphaproteobacteria; o__Rhodobacterales; f__Rhodobacteraceae	1.0
6c55dcf41b974ad1496476ac606c24a8	d__Bacteria; p__Spirochaetota; c__Spirochaetia; o__Spirochaetales; f__Spirochaetaceae; g__Spirochaeta; s__uncultured_bacterium	0.7
6e236ed6661b6f149eee5fe6bc6f96bb	d__Bacteria; p__Gemmatimonadota; c__Longimicrobia; o__Longimicrobiales; f__Longimicrobiaceae; g__Longimicrobiaceae; s__uncultured_bacterium	0.6
6e4b50a611f333bfb12f3b9a4a9e8b61	d__Bacteria; p__Acidobacteriota; c__Blastocatellia; o__Blastocatellales; f__Blastocatellaceae; g__uncultured; s__uncultured_Acidobacteria	0.6
6e4e87ec10a100d06216368899eacc04	d__Bacteria; p__Chloroflexi; c__Dehalococcoidia; o__SAR202_clade; f__SAR202_clade; g__SAR202_clade	1.0
6e93a25b223a70a90d2c845baa9d0c6c	d__Bacteria; p__Proteobacteria; c__Alphaproteobacteria; o__AT-s3-44; f__AT-s3-44; g__AT-s3-44; s__uncultured_bacterium	0.6
6ee6268f2a1243cf553227bc87aa213a	d__Bacteria; p__Proteobacteria; c__Alphaproteobacteria; o__AT-s3-44; f__AT-s3-44; g__AT-s3-44	0.8
703f9933b08343e39e7df8ec91b4c816	d__Bacteria; p__Proteobacteria; c__Gammaproteobacteria; o__KI89A_clade; f__KI89A_clade; g__KI89A_clade	1.0
708b5ba525a9eff28d8a1318d7a7c2be	d__Bacteria; p__Chloroflexi; c__Dehalococcoidia; o__SAR202_clade; f__SAR202_clade; g__SAR202_clade	1.0
720d4078e826dfc712765a2d765cb740	d__Bacteria; p__Proteobacteria; c__Gammaproteobacteria	0.9
7238274e33c8a584540f95dde02651d2	d__Bacteria; p__Chloroflexi; c__Chloroflexia; o__Thermomicrobiales; f__JG30-KF-CM45; g__JG30-KF-CM45; s__uncultured_bacterium	0.8
7270c60732cdcb6ab17fa2aa44d843b0	d__Bacteria; p__Proteobacteria; c__Alphaproteobacteria; o__Rhodobacterales; f__Rhodobacteraceae	1.0
73edefb64618f49481ab00897d6f5a0a	d__Bacteria; p__Proteobacteria; c__Alphaproteobacteria; o__Thalassobaculales; f__Nisaeaceae; g__OM75_clade	0.9
73ff0a30a35907b93f8e4e13e4874bf0	d__Bacteria; p__Proteobacteria; c__Gammaproteobacteria; o__Steroidobacterales; f__Steroidobacteraceae; g__Steroidobacter; s__uncultured_bacterium	0.9
75361e988b178564ca3e9c8e584585a9	d__Bacteria; p__Chloroflexi; c__Anaerolineae; o__SBR1031; f__A4b; g__A4b; s__uncultured_bacterium	0.6
754c7c6f3b6988d240275e2f44436292	d__Bacteria; p__Actinobacteriota; c__Actinobacteria; o__Propionibacteriales; f__Nocardioidaceae; g__Aeromicrobium	1.0
769469d3afeada5190f45352f848faf0	d__Bacteria; p__Proteobacteria; c__Alphaproteobacteria; o__Sphingomonadales; f__Sphingomonadaceae; g__Novosphingobium	0.8
76ad7f3d76f947e203a46f63a1bc2977	d__Bacteria; p__Chloroflexi; c__Dehalococcoidia; o__SAR202_clade; f__SAR202_clade; g__SAR202_clade	1.0
77d40116daf890397f3564502e2e0be0	d__Bacteria; p__Proteobacteria; c__Alphaproteobacteria; o__Defluviicoccales; f__uncultured; g__uncultured; s__uncultured_bacterium	0.6
77edfe47600417a563ca9bef68917fa9	d__Bacteria; p__Cyanobacteria; c__Cyanobacteriia; o__Synechococcales; f__Cyanobiaceae; g__[Synechococcus]_spongiarum_group; s__uncultured_bacterium	0.7
780c1ea30daeee0899563384b924cfd4	d__Bacteria; p__Proteobacteria; c__Alphaproteobacteria	1.0
78fd3461717ab3c046c1f183f255233f	d__Bacteria; p__Chloroflexi; c__Dehalococcoidia; o__SAR202_clade; f__SAR202_clade; g__SAR202_clade; s__uncultured_bacterium	0.6
79b3b6c751c001ddeb49b14eb3cba615	d__Bacteria; p__Chloroflexi; c__Chloroflexia; o__Thermomicrobiales; f__JG30-KF-CM45; g__JG30-KF-CM45; s__uncultured_bacterium	0.7
7ab5c4fea295ced0fa799ff2488686c7	d__Bacteria; p__Chloroflexi; c__Anaerolineae; o__SBR1031; f__A4b; g__A4b	1.0
7b7c6c4ece61524547ee7dbc94130103	d__Bacteria; p__Chloroflexi; c__Dehalococcoidia; o__SAR202_clade; f__SAR202_clade; g__SAR202_clade; s__uncultured_bacterium	0.6
7d76c5a8f653ab2d7a14a28f3806b5bf	d__Bacteria; p__Myxococcota; c__bacteriap25; o__bacteriap25; f__bacteriap25; g__bacteriap25	1.0
7d84bf43bb7d4d30f0820b57dcf7baa8	d__Bacteria; p__Chloroflexi; c__TK17; o__TK17; f__TK17; g__TK17; s__uncultured_Chloroflexi	0.6
7ebbb1e6f79a2910951c191a4bf1df66	d__Bacteria; p__Proteobacteria; c__Gammaproteobacteria; o__Burkholderiales; f__Rhodocyclaceae; g__Methyloversatilis	1.0
7ff346973a282aa55de296afdb5d74af	d__Bacteria; p__Actinobacteriota; c__Actinobacteria; o__Micrococcales; f__Micrococcaceae	1.0
806da84a4d3359c4137830fbb8a2cf63	d__Bacteria; p__Acidobacteriota; c__Vicinamibacteria; o__Vicinamibacterales; f__uncultured; g__uncultured	1.0
8091dbdd5a2c2e3b93f49fa03eb13433	d__Bacteria; p__Firmicutes; c__Bacilli; o__Paenibacillales; f__Paenibacillaceae; g__Paenibacillus	1.0
81366728ae379b4b35c4874f5bed47db	d__Bacteria; p__Proteobacteria; c__Alphaproteobacteria; o__Defluviicoccales; f__uncultured; g__uncultured; s__uncultured_bacterium	0.6
81948a2f9ae167d8875fe3235e281b5c	d__Bacteria; p__Chloroflexi; c__Dehalococcoidia	1.0
81bc68b1f5ea92f5440ffab967438731	d__Bacteria; p__Acidobacteriota; c__Thermoanaerobaculia; o__Thermoanaerobaculales; f__Thermoanaerobaculaceae; g__Subgroup_10; s__uncultured_bacterium	0.6
833d619b70b86d87f185a0c98ac2fe57	d__Bacteria; p__Bacteroidota; c__Bacteroidia; o__Chitinophagales; f__Saprospiraceae; g__uncultured; s__uncultured_bacterium	0.8
83da29b695300a633dd24c68b3c8e373	d__Bacteria; p__Gemmatimonadota; c__BD2-11_terrestrial_group; o__BD2-11_terrestrial_group; f__BD2-11_terrestrial_group; g__BD2-11_terrestrial_group; s__uncultured_bacterium	0.8
8511a8c01250ef24408a3f4031bb51f3	d__Bacteria; p__Myxococcota; c__bacteriap25; o__bacteriap25; f__bacteriap25; g__bacteriap25; s__uncultured_bacterium	0.7
8562afaf3955423d4eda6d71b8b277d8	d__Bacteria; p__Acidobacteriota; c__Blastocatellia; o__Pyrinomonadales; f__Pyrinomonadaceae; g__RB41; s__uncultured_bacterium	0.7
8599524cec26e00cc7df72e7ecc01220	d__Bacteria; p__Acidobacteriota; c__Vicinamibacteria; o__Vicinamibacterales; f__Vicinamibacteraceae; g__Vicinamibacteraceae; s__uncultured_bacterium	0.7
88201b0785111433f3cebc8e171e11f4	d__Bacteria; p__Actinobacteriota; c__Acidimicrobiia; o__Microtrichales; f__Microtrichaceae; g__Sva0996_marine_group	1.0
885cc67bf94934110c658a2ed7f74a33	d__Archaea; p__Crenarchaeota; c__Nitrososphaeria; o__Nitrosopumilales; f__Nitrosopumilaceae	1.0
887070b273e401be76c2a78bdc542aa0	d__Bacteria; p__Acidobacteriota; c__Vicinamibacteria; o__Vicinamibacterales; f__uncultured; g__uncultured; s__uncultured_Acidobacteria	0.6
88d73d4201c2041d2bf80efe1250cda5	d__Bacteria; p__Proteobacteria; c__Alphaproteobacteria; o__Defluviicoccales; f__uncultured; g__uncultured; s__uncultured_bacterium	0.8
89e8f050be302b3f857d15b2e106e602	d__Bacteria; p__Actinobacteriota; c__Actinobacteria; o__Propionibacteriales; f__Nocardioidaceae; g__Nocardioides; s__uncultured_bacterium	0.6
8a983ba4b750ae67eb9688f582d58d1e	d__Bacteria; p__Chloroflexi; c__Dehalococcoidia; o__SAR202_clade; f__SAR202_clade; g__SAR202_clade; s__uncultured_bacterium	0.8
8c83fe5d444479bd20ab5ab54d7c689e	d__Bacteria; p__Actinobacteriota; c__Thermoleophilia; o__Gaiellales; f__uncultured; g__uncultured; s__uncultured_bacterium	0.8
8d2ae46c1067103558ab0435c8d38eae	d__Bacteria; p__Chloroflexi; c__Anaerolineae; o__SBR1031; f__SBR1031; g__SBR1031; s__uncultured_organism	0.6
90acf5342e2863b3354fa19fa2440630	d__Bacteria; p__Acidobacteriota; c__Vicinamibacteria; o__Vicinamibacterales; f__uncultured; g__uncultured; s__uncultured_bacterium	0.8
929a4fcddbd84eecda330ed3a206ef9f	d__Bacteria; p__Proteobacteria; c__Alphaproteobacteria; o__Rhizobiales; f__Rhizobiaceae; g__uncultured; s__uncultured_bacterium	0.7
933501d3fe3b9ca7dd89ee74f761b5ed	d__Bacteria; p__Proteobacteria; c__Gammaproteobacteria; o__Nitrosococcales; f__Nitrosococcaceae; g__AqS1; s__uncultured_bacterium	0.8
93a30f172fc69a8c69b33be4965c8ffe	d__Bacteria; p__Bacteroidota; c__Rhodothermia; o__Rhodothermales; f__Rhodothermaceae; g__uncultured; s__uncultured_bacterium	0.6
93e3ca341ebc6b79571ca8fea5abf671	d__Bacteria; p__Planctomycetota; c__Planctomycetes; o__Pirellulales; f__Pirellulaceae; g__Pirellula; s__uncultured_bacterium	0.6
94364452b4f4c84290ae9f09fafd4fb9	d__Bacteria; p__Poribacteria; c__Poribacteria; o__Poribacteria; f__Poribacteria; g__Poribacteria; s__uncultured_bacterium	0.6
95106f2ad602745a27f3e20249d724d0	d__Bacteria; p__Chloroflexi; c__Dehalococcoidia; o__SAR202_clade; f__SAR202_clade; g__SAR202_clade; s__uncultured_bacterium	0.7
95eb35447772fc49232640095249518a	d__Bacteria; p__Chloroflexi; c__Anaerolineae	0.8
9730d5fdad35e699fc53e21b3740dac0	d__Bacteria; p__Chloroflexi; c__Dehalococcoidia; o__SAR202_clade; f__SAR202_clade; g__SAR202_clade; s__uncultured_bacterium	0.6
9743325d888e96123b559b47da4541b4	d__Bacteria; p__Proteobacteria; c__Gammaproteobacteria; o__UBA10353_marine_group; f__UBA10353_marine_group; g__UBA10353_marine_group	0.6
9a6d9799959c725d2c753fb7d9ef9be9	d__Bacteria; p__Proteobacteria; c__Gammaproteobacteria; o__KI89A_clade; f__KI89A_clade; g__KI89A_clade	0.6
9af3467db68cf6063627304cecd46a65	d__Bacteria; p__Proteobacteria; c__Gammaproteobacteria; o__Pseudomonadales; f__Pseudomonadaceae; g__Pseudomonas; s__bacterium	1.0
9b89ae11d76a4cbad6048cd52c8795fd	d__Bacteria; p__Actinobacteriota; c__Acidimicrobiia; o__Microtrichales; f__Microtrichaceae; g__Sva0996_marine_group	1.0
9ba7cedaa2e210fee1c4c9bba7d1cf8a	d__Bacteria; p__Chloroflexi; c__Dehalococcoidia; o__SAR202_clade; f__SAR202_clade; g__SAR202_clade; s__uncultured_Chloroflexi	0.6
9da841d923ffe95348d987dbe5355685	d__Bacteria; p__Proteobacteria; c__Gammaproteobacteria; o__KI89A_clade; f__KI89A_clade; g__KI89A_clade; s__uncultured_bacterium	0.6
9dacb9696de849a218d967c421f0bd1f	d__Bacteria; p__Poribacteria; c__Poribacteria; o__Poribacteria; f__Poribacteria; g__Poribacteria; s__uncultured_bacterium	0.6
9e806754463f9132a5c594ecdb2f3e6e	d__Bacteria; p__Acidobacteriota; c__Holophagae; o__Subgroup_7; f__Subgroup_7; g__Subgroup_7; s__uncultured_bacterium	0.6
9f04d4582c00cc1372a4a536aaa64d65	d__Bacteria; p__Firmicutes; c__Bacilli; o__Bacillales; f__Planococcaceae; g__Planococcus	0.6
9f62276dfd12c9cb32ba53907355615c	d__Bacteria; p__AncK6; c__AncK6; o__AncK6; f__AncK6; g__AncK6; s__uncultured_bacterium	0.7
9f6496504e6c9c4b0547e33f8588c57b	d__Bacteria; p__Proteobacteria; c__Gammaproteobacteria; o__Burkholderiales; f__Nitrosomonadaceae; g__Ellin6067	1.0
9fd96896d6b4759540f851b973324075	d__Bacteria; p__Chloroflexi; c__Dehalococcoidia; o__SAR202_clade; f__SAR202_clade; g__SAR202_clade; s__uncultured_bacterium	0.8
a00207dac8cecfb280ee732df82bf536	d__Bacteria; p__Proteobacteria; c__Alphaproteobacteria; o__Sphingomonadales; f__Sphingomonadaceae; g__Altererythrobacter; s__uncultured_bacterium	0.9
a0398bf51b38e9ad4dbf5249e001f04a	d__Bacteria; p__Nitrospirota; c__Nitrospiria; o__Nitrospirales; f__Nitrospiraceae; g__Nitrospira	1.0
a0b84d1e743c5c63fa472ebb0e5f920e	d__Bacteria; p__Myxococcota; c__Myxococcia; o__Myxococcales; f__Myxococcaceae	1.0
a1989679e207c0f3b365cee58b422c61	d__Bacteria; p__Nitrospirota; c__Nitrospiria; o__Nitrospirales; f__Nitrospiraceae; g__Nitrospira; s__uncultured_bacterium	0.9
a1c4acc3169c2a95cf474a3645129d84	d__Bacteria; p__Acidobacteriota; c__Blastocatellia; o__Pyrinomonadales; f__Pyrinomonadaceae; g__RB41; s__uncultured_bacterium	0.6
a2e2234d0c2e68f66d2146e031782589	d__Bacteria; p__Gemmatimonadota; c__Gemmatimonadetes; o__Gemmatimonadales; f__Gemmatimonadaceae; g__uncultured; s__uncultured_bacterium	0.6
a34c67c3e970be24a82f8b4c537c08ed	d__Bacteria; p__Proteobacteria; c__Gammaproteobacteria; o__Steroidobacterales; f__Steroidobacteraceae; g__Steroidobacter	0.8
a528992016a29f9aaa9001a30730e1b6	d__Bacteria; p__Proteobacteria; c__Gammaproteobacteria; o__Cellvibrionales; f__Halieaceae	1.0
a55775644720c5a788088df98affe216	d__Bacteria; p__Proteobacteria; c__Gammaproteobacteria; o__Nitrosococcales; f__Nitrosococcaceae	0.9
a5938937fa9dae85ea6c9a494cd71781	d__Bacteria; p__Acidobacteriota; c__Blastocatellia; o__Blastocatellales; f__Blastocatellaceae; g__uncultured	0.6
a652f496fb4f9105e6797d717c3926ef	d__Bacteria; p__Acidobacteriota; c__Blastocatellia; o__Blastocatellales; f__Blastocatellaceae; g__uncultured	0.6
a67f147e2222f98cd19b98a2621140b9	d__Bacteria; p__Firmicutes; c__Clostridia; o__Peptostreptococcales-Tissierellales; f__Peptostreptococcales-Tissierellales; g__W5053; s__uncultured_bacterium	0.6
a7224b3089f362b0b226ebf99f7b3fe3	d__Bacteria; p__Proteobacteria; c__Gammaproteobacteria; o__Pseudomonadales; f__Moraxellaceae; g__Perlucidibaca	0.6
a7412be3cd6d4bf4120e11ac47f56903	d__Bacteria; p__Chloroflexi; c__Chloroflexia; o__Thermomicrobiales; f__JG30-KF-CM45; g__JG30-KF-CM45	1.0
a8cd1140bfbc643b601c26d1f9e9c6e8	d__Bacteria; p__Verrucomicrobiota; c__Verrucomicrobiae; o__Pedosphaerales; f__Pedosphaeraceae; g__uncultured	0.9
aa1344ee7f73eea98bafee4c93f32c84	d__Bacteria; p__Actinobacteriota; c__Acidimicrobiia; o__Actinomarinales; f__uncultured; g__uncultured; s__uncultured_actinobacterium	0.6
aa44ed70c7280bd300136f6aab3b9fd7	d__Bacteria; p__Proteobacteria; c__Alphaproteobacteria; o__Defluviicoccales; f__uncultured; g__uncultured; s__uncultured_bacterium	0.8
ac68c7c702432c26bc13677cb4c1ea8f	d__Bacteria; p__Bacteroidota; c__Bacteroidia; o__Cytophagales; f__Microscillaceae; g__uncultured; s__uncultured_bacterium	0.7
acccb7cec4d146864bc11d37da55dcd0	d__Bacteria; p__Proteobacteria; c__Gammaproteobacteria; o__Burkholderiales; f__Methylophilaceae; g__Methylotenera	0.9
ad16b779f2ec6d8afc200de7c5d2f39a	d__Bacteria; p__Proteobacteria; c__Alphaproteobacteria; o__Sphingomonadales; f__Sphingomonadaceae; g__Sphingopyxis	1.0
ad40346ae4334462a8fa793bede3a4c6	d__Bacteria; p__Proteobacteria; c__Alphaproteobacteria; o__uncultured; f__uncultured; g__uncultured; s__uncultured_bacterium	0.8
ad4cba5280fb47cbebea01e7031af61c	d__Bacteria; p__Firmicutes; c__Bacilli; o__Bacillales; f__Bacillaceae; g__Bacillus; s__uncultured_bacterium	0.7
aeb6bbaaf2a9a122dffd8bb22e4a0362	d__Bacteria; p__Latescibacterota; c__Latescibacterota; o__Latescibacterota; f__Latescibacterota; g__Latescibacterota; s__uncultured_bacterium	0.8
af62728cdc8b3e916fabf7809066bf28	d__Bacteria; p__Acidobacteriota; c__Blastocatellia; o__11-24; f__11-24; g__11-24; s__uncultured_bacterium	0.8
afbfae0082901d134aa8935f1525b028	d__Bacteria; p__Proteobacteria; c__Alphaproteobacteria; o__Defluviicoccales; f__uncultured; g__uncultured; s__uncultured_bacterium	0.7
b0003e209204b76bbfcb7f7f82f3986a	d__Bacteria; p__Chloroflexi; c__TK17; o__TK17; f__TK17; g__TK17; s__uncultured_Chloroflexi	0.6
b0c140b2ef121daf508fa768cc7dfa8a	d__Bacteria; p__Acidobacteriota; c__Subgroup_5; o__Subgroup_5; f__Subgroup_5; g__Subgroup_5; s__uncultured_bacterium	0.6
b17499a513e0ba3b59ecf4450b6d4309	d__Bacteria; p__Proteobacteria; c__Gammaproteobacteria; o__Oceanospirillales; f__Pseudohongiellaceae; g__Pseudohongiella	1.0
b2f15a6e178a8f0524c007e8cab648db	d__Bacteria; p__Actinobacteriota; c__Acidimicrobiia; o__Microtrichales; f__Microtrichaceae; g__Sva0996_marine_group	1.0
b495879d94ef81c4bb155f028ac8c874	d__Bacteria; p__Gemmatimonadota; c__BD2-11_terrestrial_group; o__BD2-11_terrestrial_group; f__BD2-11_terrestrial_group; g__BD2-11_terrestrial_group; s__uncultured_bacterium	0.7
b49d57f00eef48bf2f5bcc55bf117794	d__Bacteria; p__Actinobacteriota; c__Acidimicrobiia; o__Actinomarinales; f__uncultured; g__uncultured; s__uncultured_actinobacterium	0.6
b5403e3d3e7f5a219e1fbe3cceee2261	d__Bacteria; p__Proteobacteria; c__Alphaproteobacteria; o__Rhizobiales; f__Beijerinckiaceae; g__Microvirga	1.0
b8a9921fcfd131bcea427ed77f6d47da	d__Bacteria; p__Chloroflexi; c__TK17; o__TK17; f__TK17; g__TK17; s__uncultured_Chloroflexi	0.6
b8c4ed03d7d91546b9f6ad80b80135a3	d__Bacteria; p__Actinobacteriota; c__Actinobacteria; o__Frankiales; f__Geodermatophilaceae; g__Blastococcus; s__uncultured_bacterium	0.545
b8f64099026ffffde7cd2c6aa4642240	d__Bacteria; p__Proteobacteria; c__Gammaproteobacteria; o__Burkholderiales; f__Nitrosomonadaceae; g__Nitrosospira	1.0
b99659495034c39b4c3827449389b497	d__Bacteria; p__Chloroflexi; c__Dehalococcoidia; o__SAR202_clade; f__SAR202_clade; g__SAR202_clade; s__uncultured_bacterium	0.7
ba774432cea724a9df46d7aad4fbc4bd	d__Bacteria; p__Actinobacteriota; c__Actinobacteria; o__Propionibacteriales; f__Nocardioidaceae; g__Kribbella	1.0
bb044afc7e278288d3bc7202d97a8070	d__Bacteria; p__Chloroflexi; c__P2-11E; o__P2-11E; f__P2-11E; g__P2-11E; s__uncultured_bacterium	1.0
bb7b6d76f2e9497a2fc5b542a168c9b4	d__Bacteria; p__Proteobacteria; c__Gammaproteobacteria; o__Nitrosococcales; f__Nitrosococcaceae	0.9
bc7796908c1aa2a6467f708a6455c964	d__Bacteria; p__Proteobacteria; c__Gammaproteobacteria; o__Nitrosococcales; f__Nitrosococcaceae	0.7
be13978f8c493d96b1100e4d896a847b	d__Bacteria; p__Chloroflexi; c__Dehalococcoidia; o__SAR202_clade; f__SAR202_clade; g__SAR202_clade	1.0
bf1565d610f9a53aee2bd6eec9a77407	d__Bacteria; p__Proteobacteria; c__Alphaproteobacteria; o__Rhodobacterales; f__Rhodobacteraceae	1.0
bf1adbd3b5a217c781a3af04011485ff	d__Bacteria; p__Chloroflexi; c__Dehalococcoidia; o__SAR202_clade; f__SAR202_clade; g__SAR202_clade	1.0
bf579d95185aa2fd11fe8bab16f121dc	d__Bacteria; p__Verrucomicrobiota; c__Verrucomicrobiae; o__Pedosphaerales; f__Pedosphaeraceae; g__Pedosphaeraceae; s__uncultured_bacterium	0.6
bfafd56f9c2a57b22609dd0eabe258be	d__Bacteria; p__Chloroflexi; c__TK10; o__TK10; f__TK10; g__TK10	0.6
c02e8c8626324653efee7d2ece1353bf	d__Bacteria; p__Proteobacteria; c__Alphaproteobacteria; o__Rhodobacterales; f__Rhodobacteraceae; g__Albidovulum	0.7
c1121da58781fa3b0503ec96b242c431	d__Bacteria; p__Proteobacteria; c__Alphaproteobacteria; o__AT-s3-44; f__AT-s3-44; g__AT-s3-44	0.7
c1abe6a2dc8962f8a3ea9f88fc1b56c1	d__Bacteria; p__Bdellovibrionota; c__Bdellovibrionia; o__Bdellovibrionales; f__Bdellovibrionaceae; g__Bdellovibrio; s__uncultured_bacterium	0.7
c1d41226b6c69d71adf215c9683aa2a2	d__Bacteria; p__Acidobacteriota; c__Vicinamibacteria; o__Vicinamibacterales; f__uncultured; g__uncultured; s__uncultured_bacterium	0.8
c1dfa382eef43fd5f92771aa57552dc7	d__Bacteria; p__Proteobacteria; c__Gammaproteobacteria; o__Burkholderiales; f__Sutterellaceae; g__uncultured; s__uncultured_bacterium	0.8
c3297668cf75ea8e774d6d9c0044cce4	d__Bacteria; p__Acidobacteriota; c__Holophagae; o__Subgroup_7; f__Subgroup_7; g__Subgroup_7; s__uncultured_bacterium	0.8
c39e15de7f8295ecfed0969cd53b2126	d__Bacteria; p__Chloroflexi; c__KD4-96; o__KD4-96; f__KD4-96; g__KD4-96; s__uncultured_bacterium	0.9
c3ebcc156425992054715ff2858a6329	d__Bacteria; p__Proteobacteria; c__Gammaproteobacteria; o__KI89A_clade; f__KI89A_clade; g__KI89A_clade; s__uncultured_bacterium	0.7
c43ccad8f58430e360c76332e20e3172	d__Bacteria; p__Proteobacteria; c__Alphaproteobacteria; o__Azospirillales; f__Azospirillaceae; g__Skermanella; s__uncultured_bacterium	0.9
c4a485f6d9ed3aa93e2590b2e7abbdbe	d__Bacteria; p__Proteobacteria; c__Gammaproteobacteria; o__Nitrosococcales; f__Nitrosococcaceae; g__wb1-P19; s__uncultured_bacterium	0.6
c5b1d223dcbfa7e8e67928a8550d2ae8	d__Bacteria; p__PAUC34f; c__PAUC34f; o__PAUC34f; f__PAUC34f; g__PAUC34f	1.0
c65c243a4d5acdad3b66e358db7b25e7	d__Bacteria; p__Acidobacteriota; c__Thermoanaerobaculia; o__Thermoanaerobaculales; f__Thermoanaerobaculaceae; g__Subgroup_10	1.0
c7535fa9a8bf3d56365ed4371896fc95	d__Bacteria; p__Actinobacteriota; c__Acidimicrobiia; o__Actinomarinales; f__uncultured; g__uncultured; s__uncultured_bacterium	0.8
c84385f35ae776ba62008b35c1864bf1	d__Bacteria; p__Gemmatimonadota; c__BD2-11_terrestrial_group; o__BD2-11_terrestrial_group; f__BD2-11_terrestrial_group; g__BD2-11_terrestrial_group; s__uncultured_bacterium	0.9
c85d1b78dc8077b2d72f6ffe73fd4783	d__Bacteria; p__Actinobacteriota; c__Thermoleophilia; o__Gaiellales; f__uncultured; g__uncultured; s__uncultured_bacterium	0.6
c863435a912d53648c0640f9ae8f523c	d__Bacteria; p__Poribacteria; c__Poribacteria; o__Poribacteria; f__Poribacteria; g__Poribacteria; s__uncultured_bacterium	0.6
c898f228c43438c21516365c3ccb6376	d__Bacteria; p__Proteobacteria; c__Gammaproteobacteria; o__Xanthomonadales; f__Rhodanobacteraceae; g__Tahibacter	1.0
c8f5b3a0af7ae18f0899963334cdf226	d__Bacteria; p__Acidobacteriota; c__Vicinamibacteria; o__Vicinamibacterales; f__uncultured; g__uncultured; s__uncultured_bacterium	0.7
ca176c28265382e88b4f3892cff9de67	d__Bacteria; p__Acidobacteriota; c__Holophagae; o__Subgroup_7; f__Subgroup_7; g__Subgroup_7; s__uncultured_bacterium	1.0
ca773786ca0079113cc82a0e091e93c1	d__Bacteria; p__Dadabacteria; c__Dadabacteriia; o__Dadabacteriales; f__Dadabacteriales; g__Dadabacteriales	1.0
cb5b9907447a49154182dee3ea78d16e	d__Bacteria; p__Proteobacteria; c__Gammaproteobacteria; o__Gammaproteobacteria_Incertae_Sedis; f__Unknown_Family; g__Acidibacter; s__uncultured_bacterium	0.7
cbae5fbff04aa3d05758c248433ada1b	d__Bacteria; p__Gemmatimonadota; c__Longimicrobia; o__Longimicrobiales; f__Longimicrobiaceae; g__Longimicrobiaceae; s__uncultured_bacterium	0.9
cbe01058b367154bc3b0a947b1af6473	d__Bacteria; p__Actinobacteriota; c__Acidimicrobiia; o__Microtrichales; f__Microtrichaceae; g__Sva0996_marine_group; s__uncultured_bacterium	0.6
cc761daf51f27c423da57f3f1f0ff5cc	d__Bacteria; p__Proteobacteria; c__Gammaproteobacteria; o__Enterobacterales; f__Erwiniaceae; g__Pantoea; s__Pantoea_agglomerans	1.0
cc82adf4f53373a21e357770409484f8	d__Bacteria; p__Bacteroidota; c__Bacteroidia; o__Chitinophagales; f__Saprospiraceae; g__uncultured; s__uncultured_bacterium	0.7
cfb40d7f4a582693e421b930adf2a836	d__Bacteria; p__Actinobacteriota; c__Acidimicrobiia; o__Microtrichales; f__Microtrichaceae; g__Sva0996_marine_group; s__uncultured_bacterium	0.8
cfec80b9e9647c078e9059c58e4dc58f	d__Bacteria; p__Chloroflexi; c__Dehalococcoidia; o__SAR202_clade; f__SAR202_clade; g__SAR202_clade; s__uncultured_bacterium	0.6
d0dad971506647d25b7ec3c857964526	d__Bacteria; p__Proteobacteria; c__Alphaproteobacteria; o__Sphingomonadales; f__Sphingomonadaceae; g__Sphingomonas	1.0
d11aa0bb164697604e1c10818fac1fc6	d__Bacteria; p__Chloroflexi; c__Dehalococcoidia; o__SAR202_clade; f__SAR202_clade; g__SAR202_clade; s__uncultured_bacterium	0.8
d22530b35fc6429268807301afff82ab	d__Bacteria; p__Entotheonellaeota; c__Entotheonellia; o__Entotheonellales; f__Entotheonellaceae; g__Entotheonellaceae; s__uncultured_bacterium	1.0
d23da00a4280f20607db0b526f2b77b4	d__Bacteria; p__Latescibacterota; c__Latescibacterota; o__Latescibacterota; f__Latescibacterota; g__Latescibacterota; s__uncultured_bacterium	1.0
d269a2c628cd471e2e9b3c4f499435a3	d__Bacteria; p__Chloroflexi	1.0
d323a289535bfe0b325c892076518237	d__Bacteria; p__Proteobacteria; c__Gammaproteobacteria; o__KI89A_clade; f__KI89A_clade; g__KI89A_clade; s__uncultured_bacterium	0.8
d509da03e98d55c0452ea4e5e6a44081	d__Bacteria; p__Proteobacteria; c__Alphaproteobacteria; o__Defluviicoccales; f__uncultured; g__uncultured	0.6
d5a417935742f781059e1704f7f20b70	d__Bacteria; p__Gemmatimonadota; c__S0134_terrestrial_group; o__S0134_terrestrial_group; f__S0134_terrestrial_group; g__S0134_terrestrial_group; s__uncultured_bacterium	1.0
d5a848d2751f4e1a26ceaf96efe826af	d__Bacteria; p__Chloroflexi; c__Dehalococcoidia; o__SAR202_clade; f__SAR202_clade; g__SAR202_clade	1.0
d611177151f08df922661c40267b09cc	d__Bacteria; p__Chloroflexi; c__Anaerolineae; o__Caldilineales; f__Caldilineaceae; g__uncultured	1.0
d64a8f6358ed26eceda217b5cc94c4b1	d__Bacteria; p__Cyanobacteria; c__Cyanobacteriia; o__Synechococcales; f__Cyanobiaceae; g__[Synechococcus]_spongiarum_group; s__uncultured_bacterium	0.7
d695f752e0a9597ce056c80ce3347e01	d__Bacteria; p__Verrucomicrobiota; c__Verrucomicrobiae; o__uncultured; f__uncultured; g__uncultured	0.7
d7401fcca2f9e38e936e6a0fc56b0f0b	d__Bacteria; p__Proteobacteria; c__Gammaproteobacteria; o__KI89A_clade; f__KI89A_clade; g__KI89A_clade; s__uncultured_bacterium	0.8
d79df85d2159ead9f9382a88c452ca06	d__Bacteria; p__Bacteroidota; c__Rhodothermia; o__Rhodothermales; f__Rhodothermaceae; g__uncultured; s__uncultured_bacterium	0.7
d819c2b8f73ec89457de3c4e8e141094	d__Bacteria; p__Acidobacteriota; c__Thermoanaerobaculia; o__Thermoanaerobaculales; f__Thermoanaerobaculaceae; g__Subgroup_10	1.0
d829bee4984f82ffc2453212157caf96	d__Bacteria; p__Proteobacteria; c__Alphaproteobacteria; o__Rhizobiales; f__Xanthobacteraceae; g__Bradyrhizobium	0.9
d87fb67b7efe9c6f71ae2ac05e4220d4	d__Bacteria; p__Gemmatimonadota; c__Gemmatimonadetes; o__Gemmatimonadales; f__Gemmatimonadaceae; g__uncultured; s__uncultured_bacterium	0.6
d8b2c63364c3db501192e2cb93140d39	d__Bacteria; p__Chloroflexi; c__Dehalococcoidia; o__SAR202_clade; f__SAR202_clade; g__SAR202_clade; s__uncultured_bacterium	0.6
d99a0b2472cd7caecdd8d63ac9cb3fdf	d__Bacteria; p__Actinobacteriota; c__Rubrobacteria; o__Rubrobacterales; f__Rubrobacteriaceae; g__Rubrobacter; s__uncultured_bacterium	0.8
d9ea4882da1f3c8d3f9e7bfbed142aa1	d__Bacteria; p__Spirochaetota; c__Spirochaetia; o__Spirochaetales; f__Spirochaetaceae; g__Spirochaeta; s__uncultured_bacterium	0.7
dab4553d98c4daa33854757a9f1f877b	d__Bacteria; p__Armatimonadota; c__Fimbriimonadia; o__Fimbriimonadales; f__Fimbriimonadales; g__Fimbriimonadales; s__uncultured_bacterium	0.6
db4edacaeaee06a92bf5b2c055519415	d__Bacteria; p__Chloroflexi; c__Anaerolineae; o__SBR1031; f__A4b; g__A4b	1.0
dc3b20acc4ee91e4e37909faa931a478	d__Bacteria; p__Chloroflexi; c__JG30-KF-CM66; o__JG30-KF-CM66; f__JG30-KF-CM66; g__JG30-KF-CM66	0.9
dc6a9b40d143c9742addd6a0000e3745	d__Bacteria; p__Chloroflexi; c__Anaerolineae; o__SBR1031; f__A4b; g__A4b	0.9
dc9f077229b54b9c6d8fad0d5027b5b2	d__Bacteria; p__Gemmatimonadota; c__BD2-11_terrestrial_group; o__BD2-11_terrestrial_group; f__BD2-11_terrestrial_group; g__BD2-11_terrestrial_group; s__uncultured_bacterium	0.9
dd4a00ba5fdc170d3da22bf724a020d8	d__Bacteria; p__NB1-j; c__NB1-j; o__NB1-j; f__NB1-j; g__NB1-j	1.0
dd8229814f2d127e61ac92c5d275db8b	d__Bacteria; p__Proteobacteria; c__Gammaproteobacteria; o__Burkholderiales; f__Comamonadaceae	1.0
ddfd49f939f92958b1ec816741055348	d__Bacteria; p__Proteobacteria; c__Gammaproteobacteria; o__Burkholderiales; f__Burkholderiaceae; g__Ralstonia; s__Ralstonia_sp.	0.6
de3d0e440533123bef372ef43c19f3aa	d__Bacteria; p__Proteobacteria; c__Alphaproteobacteria; o__Rhizobiales; f__Rhizobiaceae; g__Mesorhizobium	0.9
de6776ff5bc07ec78768337a7454008f	d__Bacteria; p__Chloroflexi; c__Dehalococcoidia; o__SAR202_clade; f__SAR202_clade; g__SAR202_clade; s__uncultured_bacterium	0.8
e081cac98572e7e30b598e315e222153	d__Bacteria; p__Chloroflexi; c__TK10; o__TK10; f__TK10; g__TK10; s__uncultured_bacterium	0.714
e082726333711f2ea424a3232ed337e8	d__Archaea; p__Crenarchaeota; c__Nitrososphaeria; o__Nitrososphaerales; f__Nitrososphaeraceae; g__Nitrososphaeraceae	0.7
e0add5ed2a74b4e7f61a770b9cec3f6c	d__Bacteria; p__Gemmatimonadota; c__Longimicrobia; o__Longimicrobiales; f__Longimicrobiaceae; g__Longimicrobiaceae; s__uncultured_bacterium	1.0
e0f04429735c7cf92b869f2b614b44ac	d__Bacteria; p__Proteobacteria; c__Alphaproteobacteria; o__Rhizobiales; f__Rhizobiales_Incertae_Sedis; g__Dichotomicrobium	0.7
e16d86b7fe770de88e7e8fd0fb6c8b5a	d__Bacteria; p__Proteobacteria; c__Gammaproteobacteria; o__Steroidobacterales; f__Steroidobacteraceae; g__Steroidobacter	0.7
e1b35cbbbeb3c7be08124af8a6eb6fb5	d__Bacteria; p__Chloroflexi; c__Anaerolineae; o__Ardenticatenales; f__Ardenticatenaceae; g__uncultured	1.0
e30d04d4a31eb2f91ae265d216dd8d46	d__Bacteria; p__Nitrospinota; c__P9X2b3D02; o__P9X2b3D02; f__P9X2b3D02; g__P9X2b3D02; s__uncultured_bacterium	0.8
e33d88c65215b830e19c7b90a8c3bc82	d__Bacteria; p__Deinococcota; c__Deinococci; o__Deinococcales; f__Trueperaceae; g__Truepera; s__uncultured_bacterium	0.7
e34d5bca2c7669fab8b0e5d8321714f0	d__Bacteria; p__Chloroflexi; c__Dehalococcoidia; o__S085; f__S085; g__S085; s__uncultured_bacterium	0.6
e49962cbc032c379d2eb3e911edb26ae	d__Bacteria; p__Chloroflexi; c__Dehalococcoidia; o__SAR202_clade; f__SAR202_clade; g__SAR202_clade	1.0
e53ec2dea630efbe6e2b4d334f473f62	d__Bacteria; p__Proteobacteria; c__Gammaproteobacteria; o__KI89A_clade; f__KI89A_clade; g__KI89A_clade; s__uncultured_bacterium	0.8
e595708f23d42d847600015f23c0faaf	d__Bacteria; p__Chloroflexi; c__Anaerolineae; o__SBR1031; f__A4b; g__A4b	1.0
e610e6919acb2694afa07df5e405a0ad	d__Bacteria; p__Chloroflexi; c__Dehalococcoidia; o__SAR202_clade; f__SAR202_clade; g__SAR202_clade; s__uncultured_bacterium	0.6
e615d92532e31cb28b9c719d79ecfcac	d__Bacteria; p__Chloroflexi	1.0
e672450b694a37aebf8bfb51d9ba7479	d__Bacteria; p__Chloroflexi; c__Anaerolineae; o__Caldilineales; f__Caldilineaceae; g__uncultured; s__uncultured_bacterium	0.8
e79408e5459ed023ffd08cb993aa8954	d__Archaea; p__Crenarchaeota; c__Nitrososphaeria; o__Nitrosopumilales; f__Nitrosopumilaceae; g__Nitrosopumilaceae; s__uncultured_archaeon	0.8
e7cd8062cfe28b5e146051c184716244	d__Bacteria; p__Gemmatimonadota; c__S0134_terrestrial_group; o__S0134_terrestrial_group; f__S0134_terrestrial_group; g__S0134_terrestrial_group; s__uncultured_bacterium	0.8
e83f91a8f6a4ca8482b23084c4cbf513	d__Bacteria; p__Proteobacteria; c__Gammaproteobacteria; o__KI89A_clade; f__KI89A_clade; g__KI89A_clade; s__uncultured_bacterium	0.8
e8bd5a5228cd426c496dcd50f6dad542	d__Bacteria; p__Proteobacteria; c__Gammaproteobacteria; o__Xanthomonadales; f__Xanthomonadaceae; g__Pseudoxanthomonas	1.0
e8df8d6e48c5ab71ce0c7d7602f93acb	d__Bacteria; p__Chloroflexi; c__Dehalococcoidia; o__SAR202_clade; f__SAR202_clade; g__SAR202_clade; s__uncultured_bacterium	0.6
e905ab6db6d1e8623c8cab16ae39140d	d__Bacteria; p__Proteobacteria; c__Gammaproteobacteria; o__KI89A_clade; f__KI89A_clade; g__KI89A_clade; s__uncultured_bacterium	0.9
ea5e2b178bb09c7892aa3277bcdaeb3c	d__Bacteria; p__Chloroflexi; c__Anaerolineae; o__SBR1031; f__A4b; g__A4b	1.0
ea71206b2a569022e2e83fd0598158f0	d__Archaea; p__Crenarchaeota; c__Nitrososphaeria; o__Nitrosopumilales; f__Nitrosopumilaceae; g__Candidatus_Nitrosopumilus	0.9
ea8a5786215c8b19a0fd5b49825d554e	d__Bacteria; p__Actinobacteriota; c__MB-A2-108; o__MB-A2-108; f__MB-A2-108; g__MB-A2-108; s__uncultured_bacterium	0.9
eb994716c8cf3cd84a3e58c8ea14bd29	d__Bacteria; p__Proteobacteria; c__Gammaproteobacteria; o__Steroidobacterales; f__Woeseiaceae; g__JTB255_marine_benthic_group; s__uncultured_bacterium	0.7
ed0e5556c6d7e9472e5020941f12ba06	d__Bacteria; p__Proteobacteria; c__Gammaproteobacteria; o__Nitrosococcales; f__Nitrosococcaceae; g__AqS1; s__uncultured_bacterium	0.9
ed2f8dc14f6e1f328521391f464932b0	d__Bacteria; p__Proteobacteria; c__Alphaproteobacteria; o__Kiloniellales; f__Kiloniellaceae; g__uncultured; s__uncultured_bacterium	0.7
ed41e60bdf7863e6e87b30c7278f3c52	d__Bacteria; p__Proteobacteria; c__Alphaproteobacteria; o__Defluviicoccales; f__uncultured; g__uncultured; s__uncultured_bacterium	0.9
ed94376cd70972b342e7d37b6eea9710	d__Bacteria; p__Bacteroidota; c__Bacteroidia; o__Cytophagales; f__Hymenobacteraceae; g__Pontibacter; s__uncultured_bacterium	0.6
ede15fb563222a59b54464ff3857badb	d__Bacteria; p__Proteobacteria; c__Gammaproteobacteria; o__PLTA13; f__PLTA13; g__PLTA13; s__uncultured_bacterium	0.8
ee3072cc17a5e70cb4e49387257957ec	d__Bacteria; p__Actinobacteriota; c__Rubrobacteria; o__Rubrobacterales; f__Rubrobacteriaceae; g__Rubrobacter	0.6
ee4c824fccdf97ab3de5e8b086630483	d__Bacteria; p__Bacteroidota; c__Kapabacteria; o__Kapabacteriales; f__Kapabacteriales; g__Kapabacteriales; s__uncultured_bacterium	0.9
ee60be1acc7fc9780b71f44996eb40ba	d__Bacteria; p__Myxococcota; c__Myxococcia; o__Myxococcales; f__Myxococcaceae	1.0
ee7a66fa18009467bcbfc6be04a10ca3	d__Bacteria; p__Chloroflexi; c__Dehalococcoidia; o__SAR202_clade; f__SAR202_clade; g__SAR202_clade; s__uncultured_bacterium	0.7
ef012bcf341a315932ee623381b93d7e	d__Bacteria; p__Proteobacteria; c__Alphaproteobacteria; o__Rhodobacterales; f__Rhodobacteraceae	1.0
ef0c7928901deab56b8d8abef337ac5c	d__Bacteria; p__Actinobacteriota; c__Rubrobacteria; o__Rubrobacterales; f__Rubrobacteriaceae; g__Rubrobacter; s__uncultured_bacterium	0.8
ef16095df7059908c0fddbfc1516d001	d__Bacteria; p__Poribacteria; c__Poribacteria; o__Poribacteria; f__Poribacteria; g__Poribacteria; s__uncultured_bacterium	0.6
ef2190e640216b8488f5113428ab8000	d__Bacteria; p__Actinobacteriota; c__Acidimicrobiia; o__Microtrichales; f__Microtrichaceae; g__Sva0996_marine_group; s__uncultured_bacterium	0.7
f0247f159a6fdc17e412ba8352573c13	d__Bacteria; p__Chloroflexi; c__Dehalococcoidia; o__SAR202_clade; f__SAR202_clade; g__SAR202_clade	1.0
f0fec1740b4a5a2b61147ce33fd3040f	d__Bacteria; p__Chloroflexi; c__Anaerolineae; o__SBR1031; f__A4b; g__A4b	1.0
f2fd9d7b74d80ad0cc6f3439e6325d27	d__Bacteria; p__Gemmatimonadota; c__Gemmatimonadetes; o__Gemmatimonadales; f__Gemmatimonadaceae; g__uncultured	1.0
f36c50279a8fa1c121cb9dda1ab1cb42	d__Bacteria; p__Proteobacteria; c__Gammaproteobacteria; o__Burkholderiales; f__Comamonadaceae; g__Ramlibacter	0.8
f47beff0fc3748fcf424bf33bc490cf2	d__Bacteria; p__Proteobacteria; c__Gammaproteobacteria; o__Xanthomonadales; f__Xanthomonadaceae; g__Pseudoxanthomonas	1.0
f4c55ea3d30a5381aa3ac89d6121b33a	d__Bacteria; p__Chloroflexi; c__Dehalococcoidia; o__SAR202_clade; f__SAR202_clade; g__SAR202_clade	0.9
f56a13506abd1492f19b0a402f910fef	d__Bacteria; p__Proteobacteria; c__Alphaproteobacteria; o__Rhodobacterales; f__Rhodobacteraceae; g__Paracoccus	0.9
f57522c517666e05ddddd52acda3c0bb	d__Bacteria; p__Proteobacteria; c__Gammaproteobacteria; o__Xanthomonadales; f__Rhodanobacteraceae; g__Ahniella; s__uncultured_bacterium	0.8
f6dc41c27a3dfa310645457ad6693249	d__Bacteria; p__Actinobacteriota; c__Acidimicrobiia; o__Microtrichales; f__Microtrichaceae; g__Sva0996_marine_group	1.0
f73cbeb3fa10ce453f53ed7bb531970f	d__Bacteria; p__Verrucomicrobiota; c__Verrucomicrobiae; o__Verrucomicrobiales; f__Rubritaleaceae; g__Luteolibacter	0.7
f8649e7df764634b727bbb7fe549f2f8	d__Bacteria; p__Chloroflexi; c__Dehalococcoidia; o__SAR202_clade; f__SAR202_clade; g__SAR202_clade	1.0
f882939b57994c5a6436ea0d6ad767e7	d__Bacteria; p__Chloroflexi; c__Dehalococcoidia; o__S085; f__S085; g__S085	0.7
f98debb75a37c5b06ba598a461fbd1bf	d__Bacteria; p__Actinobacteriota; c__Rubrobacteria; o__Rubrobacterales; f__Rubrobacteriaceae; g__Rubrobacter; s__uncultured_bacterium	0.7
f99ccaaf35afbf4166f84ccb6c357d31	d__Bacteria; p__Acidobacteriota; c__Vicinamibacteria; o__Vicinamibacterales; f__Vicinamibacteraceae; g__Vicinamibacteraceae; s__uncultured_bacterium	0.6
f9c97adffa7ac976f53976a689e9885c	d__Bacteria; p__Gemmatimonadota; c__AKAU4049; o__AKAU4049; f__AKAU4049; g__AKAU4049	0.7
fa906e98b0664eb68d5efc763fc629ef	d__Bacteria; p__Proteobacteria; c__Gammaproteobacteria; o__Pseudomonadales; f__Moraxellaceae; g__Perlucidibaca	0.7
faf1029d37956293b35d5c395a5297c1	d__Bacteria; p__Cyanobacteria; c__Cyanobacteriia; o__Synechococcales; f__Cyanobiaceae; g__Cyanobium_PCC-6307; s__uncultured_bacterium	0.8
fb20fe02d03657ad173a8eca8ce61c74	d__Bacteria; p__Bdellovibrionota; c__Bdellovibrionia; o__Bdellovibrionales; f__Bdellovibrionaceae; g__Bdellovibrio; s__uncultured_delta	0.8
fb730ed262e51787cf3815bd7a35c783	d__Bacteria; p__Acidobacteriota; c__Vicinamibacteria; o__Vicinamibacterales; f__Vicinamibacteraceae; g__Vicinamibacteraceae	1.0
fbca635799dc1ba7f986123a737ee165	d__Bacteria; p__Proteobacteria; c__Alphaproteobacteria; o__Thalassobaculales; f__Nisaeaceae; g__OM75_clade	1.0
fc53f4c6401c6a2fb8190bdb3bb60648	d__Bacteria; p__Proteobacteria; c__Gammaproteobacteria; o__Xanthomonadales; f__Xanthomonadaceae; g__Arenimonas; s__uncultured_bacterium	0.8
fd6596b3e80c83f75e69e398954d0f31	d__Bacteria; p__Cyanobacteria; c__Cyanobacteriia; o__Synechococcales; f__Cyanobiaceae; g__Synechococcus_CC9902	0.9
feca81a7fe343c148a92304ce19b0084	d__Bacteria; p__Gemmatimonadota; c__Gemmatimonadetes; o__Gemmatimonadales; f__Gemmatimonadaceae; g__uncultured; s__uncultured_bacterium	0.7
ffd87a7ece0355563a2ce5b4f21a645a	d__Bacteria; p__Actinobacteriota; c__Actinobacteria; o__Frankiales	0.7
